epoch,step,train_loss_epoch,train_loss_step,valid_auroc_epoch
0,19,,0.657893180847168,
0,39,,0.6441924571990967,
0,59,,0.6174641847610474,
0,79,,0.6119397878646851,
0,99,,0.6330224275588989,
0,119,,0.5940043926239014,
0,139,,0.5904000997543335,
0,159,,0.6115360260009766,
0,179,,0.6113781332969666,
0,199,,0.5896393060684204,
0,219,,0.5749672651290894,
0,239,,0.5817980766296387,
0,259,,0.5794609189033508,
0,279,,0.5637754201889038,
0,299,,0.570292592048645,
0,319,,0.5793003439903259,
0,339,,0.5638881921768188,
0,359,,0.545936107635498,
0,379,,0.5552287697792053,
0,399,,0.5690066814422607,
0,419,,0.5762091875076294,
0,439,,0.5569429397583008,
0,459,,0.5887095928192139,
0,479,,0.5699960589408875,
0,499,,0.5736186504364014,
0,519,,0.5633909702301025,
0,539,,0.5802273750305176,
0,559,,0.5540105104446411,
0,579,,0.5518745183944702,
0,599,,0.5708712339401245,
0,619,,0.5169795155525208,
0,639,,0.5445706844329834,
0,659,,0.5562280416488647,
0,679,,0.5165799856185913,
0,699,,0.587986409664154,
0,719,,0.5626348257064819,
0,739,,0.5680933594703674,
0,759,,0.5303255319595337,
0,779,,0.5291390419006348,
0,799,,0.5550107955932617,
0,819,,0.560588002204895,
0,839,,0.5539180040359497,
0,859,,0.5717111229896545,
0,879,,0.5418052673339844,
0,899,,0.5739439129829407,
0,919,,0.5835551023483276,
0,939,,0.5630083084106445,
0,959,,0.5003637075424194,
0,979,,0.5388666987419128,
0,999,,0.577674150466919,
0,999,,,0.5223923325538635
0,999,0.5696383118629456,,
1,1019,,0.5773249268531799,
1,1039,,0.5529777407646179,
1,1059,,0.5237970948219299,
1,1079,,0.5498414039611816,
1,1099,,0.5672562122344971,
1,1119,,0.5372424125671387,
1,1139,,0.5656561255455017,
1,1159,,0.5719318389892578,
1,1179,,0.5732921957969666,
1,1199,,0.5517046451568604,
1,1219,,0.5221155881881714,
1,1239,,0.5007230639457703,
1,1259,,0.5400775074958801,
1,1279,,0.5358083844184875,
1,1299,,0.5394896268844604,
1,1319,,0.601875901222229,
1,1339,,0.527734100818634,
1,1359,,0.5730648040771484,
1,1379,,0.5577671527862549,
1,1399,,0.5700924396514893,
1,1419,,0.555848240852356,
1,1439,,0.5655454397201538,
1,1459,,0.5594348311424255,
1,1479,,0.5241143703460693,
1,1499,,0.5686631202697754,
1,1519,,0.5511730909347534,
1,1539,,0.5223214030265808,
1,1559,,0.5221465826034546,
1,1579,,0.5084017515182495,
1,1599,,0.5467000007629395,
1,1619,,0.5522095561027527,
1,1639,,0.5244883298873901,
1,1659,,0.5555020570755005,
1,1679,,0.5449962019920349,
1,1699,,0.5823040008544922,
1,1719,,0.5472022294998169,
1,1739,,0.5431041121482849,
1,1759,,0.5280283689498901,
1,1779,,0.5420576333999634,
1,1799,,0.529857873916626,
1,1819,,0.5232886075973511,
1,1839,,0.5532074570655823,
1,1859,,0.5423023700714111,
1,1879,,0.5342390537261963,
1,1899,,0.5637061595916748,
1,1919,,0.5618975162506104,
1,1939,,0.5682874917984009,
1,1959,,0.5563226342201233,
1,1979,,0.5816977024078369,
1,1999,,0.5287714004516602,
1,1999,,,0.5184258222579956
1,1999,0.5482316613197327,,
2,2019,,0.5568602085113525,
2,2039,,0.540688693523407,
2,2059,,0.5357924103736877,
2,2079,,0.535341203212738,
2,2099,,0.5467166900634766,
2,2119,,0.5599976778030396,
2,2139,,0.5521234273910522,
2,2159,,0.5346914529800415,
2,2179,,0.5488333702087402,
2,2199,,0.5423870086669922,
2,2219,,0.530804455280304,
2,2239,,0.5677573084831238,
2,2259,,0.5363844037055969,
2,2279,,0.5477403998374939,
2,2299,,0.5769870281219482,
2,2319,,0.5261082649230957,
2,2339,,0.46397051215171814,
2,2359,,0.5117135047912598,
2,2379,,0.5440127849578857,
2,2399,,0.5387260317802429,
2,2419,,0.5245563387870789,
2,2439,,0.5214767456054688,
2,2459,,0.562309980392456,
2,2479,,0.5306906700134277,
2,2499,,0.5212035179138184,
2,2519,,0.5534594655036926,
2,2539,,0.5651534795761108,
2,2559,,0.5182360410690308,
2,2579,,0.5535014271736145,
2,2599,,0.5354924201965332,
2,2619,,0.5349703431129456,
2,2639,,0.5333839654922485,
2,2659,,0.5515903234481812,
2,2679,,0.5481749176979065,
2,2699,,0.5117127299308777,
2,2719,,0.5398852825164795,
2,2739,,0.5570273399353027,
2,2759,,0.5402815937995911,
2,2779,,0.5224854946136475,
2,2799,,0.5460149049758911,
2,2819,,0.5186075568199158,
2,2839,,0.5725558996200562,
2,2859,,0.5318173170089722,
2,2879,,0.5409314632415771,
2,2899,,0.5645604729652405,
2,2919,,0.5176782608032227,
2,2939,,0.5400031805038452,
2,2959,,0.5581257343292236,
2,2979,,0.5503877401351929,
2,2999,,0.5023363828659058,
2,2999,,,0.5227022767066956
2,2999,0.5401930809020996,,
3,3019,,0.5591608285903931,
3,3039,,0.5483603477478027,
3,3059,,0.5544517636299133,
3,3079,,0.5463536977767944,
3,3099,,0.5197910070419312,
3,3119,,0.5710018873214722,
3,3139,,0.5167561769485474,
3,3159,,0.5429092645645142,
3,3179,,0.5111547708511353,
3,3199,,0.5389919877052307,
3,3219,,0.5463361740112305,
3,3239,,0.5273145437240601,
3,3259,,0.4751908779144287,
3,3279,,0.5200954675674438,
3,3299,,0.5337713360786438,
3,3319,,0.5501909255981445,
3,3339,,0.5684080123901367,
3,3359,,0.5511312484741211,
3,3379,,0.5476285815238953,
3,3399,,0.5074902772903442,
3,3419,,0.5285215377807617,
3,3439,,0.5435900688171387,
3,3459,,0.5167492628097534,
3,3479,,0.5517284274101257,
3,3499,,0.5557526350021362,
3,3519,,0.545002818107605,
3,3539,,0.5358114242553711,
3,3559,,0.5402538776397705,
3,3579,,0.5811755657196045,
3,3599,,0.5534358024597168,
3,3619,,0.5372008681297302,
3,3639,,0.5624850988388062,
3,3659,,0.5097848176956177,
3,3679,,0.5564785003662109,
3,3699,,0.540640115737915,
3,3719,,0.5419098138809204,
3,3739,,0.5596514940261841,
3,3759,,0.5381112098693848,
3,3779,,0.5701297521591187,
3,3799,,0.5157591700553894,
3,3819,,0.5327045917510986,
3,3839,,0.5243861675262451,
3,3859,,0.555386483669281,
3,3879,,0.5546343326568604,
3,3899,,0.5021679401397705,
3,3919,,0.5261625051498413,
3,3939,,0.5392038822174072,
3,3959,,0.5324410796165466,
3,3979,,0.531832218170166,
3,3999,,0.5402286052703857,
3,3999,,,0.5213426351547241
3,3999,0.5359466671943665,,
4,4019,,0.5383292436599731,
4,4039,,0.48933470249176025,
4,4059,,0.5460120439529419,
4,4079,,0.5237502455711365,
4,4099,,0.5653946399688721,
4,4119,,0.5388152003288269,
4,4139,,0.5189419388771057,
4,4159,,0.5384050607681274,
4,4179,,0.5410671830177307,
4,4199,,0.4873926043510437,
4,4219,,0.5148869156837463,
4,4239,,0.5439895391464233,
4,4259,,0.5122181177139282,
4,4279,,0.5262531042098999,
4,4299,,0.5820400714874268,
4,4319,,0.5142905712127686,
4,4339,,0.5191084146499634,
4,4359,,0.5869623422622681,
4,4379,,0.5166834592819214,
4,4399,,0.5450910329818726,
4,4419,,0.5204432010650635,
4,4439,,0.4887503683567047,
4,4459,,0.5402292013168335,
4,4479,,0.5483584403991699,
4,4499,,0.5554403066635132,
4,4519,,0.5492990612983704,
4,4539,,0.5088744163513184,
4,4559,,0.5468937158584595,
4,4579,,0.519432783126831,
4,4599,,0.5334084033966064,
4,4619,,0.5650620460510254,
4,4639,,0.5813025236129761,
4,4659,,0.546314001083374,
4,4679,,0.549484372138977,
4,4699,,0.5347082614898682,
4,4719,,0.5305643081665039,
4,4739,,0.5118820667266846,
4,4759,,0.5777021050453186,
4,4779,,0.5148691534996033,
4,4799,,0.5312354564666748,
4,4819,,0.4749161899089813,
4,4839,,0.5228655338287354,
4,4859,,0.5715098977088928,
4,4879,,0.5068153142929077,
4,4899,,0.5403105616569519,
4,4919,,0.503943920135498,
4,4939,,0.5174233317375183,
4,4959,,0.5008237361907959,
4,4979,,0.541571855545044,
4,4999,,0.49107709527015686,
4,4999,,,0.5212783813476562
4,4999,0.5336159467697144,,
5,5019,,0.5325042009353638,
5,5039,,0.5390489101409912,
5,5059,,0.520422101020813,
5,5079,,0.5497844219207764,
5,5099,,0.5097211003303528,
5,5119,,0.5075265765190125,
5,5139,,0.554438054561615,
5,5159,,0.5158827304840088,
5,5179,,0.5036690831184387,
5,5199,,0.5402065515518188,
5,5219,,0.5642615556716919,
5,5239,,0.4982964098453522,
5,5259,,0.5383085012435913,
5,5279,,0.498002290725708,
5,5299,,0.5489832162857056,
5,5319,,0.4937601685523987,
5,5339,,0.5400068163871765,
5,5359,,0.5295827388763428,
5,5379,,0.5473730564117432,
5,5399,,0.5351607799530029,
5,5419,,0.520255446434021,
5,5439,,0.5707325339317322,
5,5459,,0.5193418860435486,
5,5479,,0.5282977819442749,
5,5499,,0.5504077672958374,
5,5519,,0.49419695138931274,
5,5539,,0.5415115356445312,
5,5559,,0.5105600357055664,
5,5579,,0.5388486981391907,
5,5599,,0.5366871953010559,
5,5619,,0.49206236004829407,
5,5639,,0.5353208780288696,
5,5659,,0.5032283663749695,
5,5679,,0.5509676933288574,
5,5699,,0.5264517664909363,
5,5719,,0.505580723285675,
5,5739,,0.5286310911178589,
5,5759,,0.5325653553009033,
5,5779,,0.5136191844940186,
5,5799,,0.5321221351623535,
5,5819,,0.5074859857559204,
5,5839,,0.52681565284729,
5,5859,,0.5156537890434265,
5,5879,,0.5723516345024109,
5,5899,,0.5508173704147339,
5,5919,,0.534042477607727,
5,5939,,0.5270326137542725,
5,5959,,0.5259183049201965,
5,5979,,0.5404604077339172,
5,5999,,0.556085467338562,
5,5999,,,0.5277988910675049
5,5999,0.5299301147460938,,
6,6019,,0.5219767093658447,
6,6039,,0.5325477719306946,
6,6059,,0.5390260219573975,
6,6079,,0.5050486326217651,
6,6099,,0.5014311671257019,
6,6119,,0.5295311212539673,
6,6139,,0.5039966106414795,
6,6159,,0.5250107049942017,
6,6179,,0.56288743019104,
6,6199,,0.49016478657722473,
6,6219,,0.556228756904602,
6,6239,,0.5506359338760376,
6,6259,,0.5482338666915894,
6,6279,,0.4959024488925934,
6,6299,,0.527684211730957,
6,6319,,0.5427321195602417,
6,6339,,0.5137119293212891,
6,6359,,0.4950328767299652,
6,6379,,0.5299432277679443,
6,6399,,0.5484164357185364,
6,6419,,0.5165678262710571,
6,6439,,0.5149376392364502,
6,6459,,0.5110772848129272,
6,6479,,0.590304970741272,
6,6499,,0.5501772165298462,
6,6519,,0.5337783098220825,
6,6539,,0.5357511043548584,
6,6559,,0.5102949142456055,
6,6579,,0.554029107093811,
6,6599,,0.5304625034332275,
6,6619,,0.5238046646118164,
6,6639,,0.5222007036209106,
6,6659,,0.5173448324203491,
6,6679,,0.5383455753326416,
6,6699,,0.5274991989135742,
6,6719,,0.5476275682449341,
6,6739,,0.5266739130020142,
6,6759,,0.5342922210693359,
6,6779,,0.530792772769928,
6,6799,,0.5133731365203857,
6,6819,,0.5452686548233032,
6,6839,,0.5667758584022522,
6,6859,,0.5094003677368164,
6,6879,,0.4858381152153015,
6,6899,,0.5569278597831726,
6,6919,,0.5230050683021545,
6,6939,,0.516918420791626,
6,6959,,0.5118793249130249,
6,6979,,0.5433284044265747,
6,6999,,0.5416392087936401,
6,6999,,,0.5271806716918945
6,6999,0.5283461809158325,,
7,7019,,0.4926941990852356,
7,7039,,0.5417279005050659,
7,7059,,0.515000581741333,
7,7079,,0.5576486587524414,
7,7099,,0.5036347508430481,
7,7119,,0.5364302396774292,
7,7139,,0.5325139760971069,
7,7159,,0.5258797407150269,
7,7179,,0.5207775831222534,
7,7199,,0.5402470231056213,
7,7219,,0.5224563479423523,
7,7239,,0.5146156549453735,
7,7259,,0.5373722910881042,
7,7279,,0.5296840667724609,
7,7299,,0.5105201005935669,
7,7319,,0.5405049324035645,
7,7339,,0.4951285123825073,
7,7359,,0.5042791962623596,
7,7379,,0.5253062844276428,
7,7399,,0.529224693775177,
7,7419,,0.5653308629989624,
7,7439,,0.5445377826690674,
7,7459,,0.49056920409202576,
7,7479,,0.47789233922958374,
7,7499,,0.5701556205749512,
7,7519,,0.5370925664901733,
7,7539,,0.5202271938323975,
7,7559,,0.5496647357940674,
7,7579,,0.5263402462005615,
7,7599,,0.5315098762512207,
7,7619,,0.5122678279876709,
7,7639,,0.5297256708145142,
7,7659,,0.517780065536499,
7,7679,,0.4942341446876526,
7,7699,,0.5443542003631592,
7,7719,,0.5251414179801941,
7,7739,,0.5284647941589355,
7,7759,,0.5517013072967529,
7,7779,,0.5143649578094482,
7,7799,,0.5294835567474365,
7,7819,,0.5441809892654419,
7,7839,,0.5225777626037598,
7,7859,,0.4996974468231201,
7,7879,,0.5192490220069885,
7,7899,,0.5297848582267761,
7,7919,,0.522637128829956,
7,7939,,0.5206210017204285,
7,7959,,0.513070285320282,
7,7979,,0.5544296503067017,
7,7999,,0.5497185587882996,
7,7999,,,0.526486873626709
7,7999,0.526764452457428,,
8,8019,,0.5043191909790039,
8,8039,,0.5597873330116272,
8,8059,,0.5393985509872437,
8,8079,,0.5243732333183289,
8,8099,,0.5370582342147827,
8,8119,,0.5220784544944763,
8,8139,,0.5523667931556702,
8,8159,,0.5143294930458069,
8,8179,,0.5588370561599731,
8,8199,,0.5089119672775269,
8,8219,,0.5391573309898376,
8,8239,,0.5446712970733643,
8,8259,,0.5152699947357178,
8,8279,,0.5309503674507141,
8,8299,,0.5275055766105652,
8,8319,,0.5230103731155396,
8,8339,,0.5257898569107056,
8,8359,,0.5268718004226685,
8,8379,,0.523571789264679,
8,8399,,0.5315355062484741,
8,8419,,0.5170769095420837,
8,8439,,0.5013512372970581,
8,8459,,0.5452528595924377,
8,8479,,0.5166797637939453,
8,8499,,0.5130388140678406,
8,8519,,0.5433562994003296,
8,8539,,0.5589185357093811,
8,8559,,0.4910008907318115,
8,8579,,0.5387972593307495,
8,8599,,0.5194941163063049,
8,8619,,0.49637570977211,
8,8639,,0.5242316722869873,
8,8659,,0.535514771938324,
8,8679,,0.515291154384613,
8,8699,,0.5425068736076355,
8,8719,,0.513300895690918,
8,8739,,0.5495713353157043,
8,8759,,0.5410423278808594,
8,8779,,0.5009281039237976,
8,8799,,0.5387309789657593,
8,8819,,0.5158642530441284,
8,8839,,0.5146512985229492,
8,8859,,0.522344708442688,
8,8879,,0.5095911026000977,
8,8899,,0.5472850799560547,
8,8919,,0.48066163063049316,
8,8939,,0.5390664935112,
8,8959,,0.5391371250152588,
8,8979,,0.5102868676185608,
8,8999,,0.5358352661132812,
8,8999,,,0.5190585851669312
8,8999,0.5268341898918152,,
9,9019,,0.577965497970581,
9,9039,,0.5149222016334534,
9,9059,,0.5486248731613159,
9,9079,,0.5132306218147278,
9,9099,,0.5402765870094299,
9,9119,,0.551925539970398,
9,9139,,0.5446537733078003,
9,9159,,0.5305252075195312,
9,9179,,0.5406512022018433,
9,9199,,0.5336717367172241,
9,9219,,0.5177384614944458,
9,9239,,0.5661448240280151,
9,9259,,0.523689866065979,
9,9279,,0.5802892446517944,
9,9299,,0.5295557975769043,
9,9319,,0.5117979049682617,
9,9339,,0.5007859468460083,
9,9359,,0.5407740473747253,
9,9379,,0.5063781142234802,
9,9399,,0.5421750545501709,
9,9419,,0.5490108728408813,
9,9439,,0.5074056386947632,
9,9459,,0.5292688608169556,
9,9479,,0.5458865165710449,
9,9499,,0.5235499143600464,
9,9519,,0.5181559324264526,
9,9539,,0.544761598110199,
9,9559,,0.5704051852226257,
9,9579,,0.5171808004379272,
9,9599,,0.5189576148986816,
9,9619,,0.5331395864486694,
9,9639,,0.5077341198921204,
9,9659,,0.5044241547584534,
9,9679,,0.5028926134109497,
9,9699,,0.5238212943077087,
9,9719,,0.5168795585632324,
9,9739,,0.5392171144485474,
9,9759,,0.5406903028488159,
9,9779,,0.5128151774406433,
9,9799,,0.5170317888259888,
9,9819,,0.5370224714279175,
9,9839,,0.5387005805969238,
9,9859,,0.48675137758255005,
9,9879,,0.5158397555351257,
9,9899,,0.49940237402915955,
9,9919,,0.4860183000564575,
9,9939,,0.5281930565834045,
9,9959,,0.5280241966247559,
9,9979,,0.5165410041809082,
9,9999,,0.48627591133117676,
9,9999,,,0.5201860070228577
9,9999,0.5247712731361389,,
10,10019,,0.513850748538971,
10,10039,,0.5428438186645508,
10,10059,,0.5339643359184265,
10,10079,,0.544173002243042,
10,10099,,0.4812019467353821,
10,10119,,0.4765627384185791,
10,10139,,0.5101388096809387,
10,10159,,0.5669019818305969,
10,10179,,0.5736887454986572,
10,10199,,0.5358490943908691,
10,10219,,0.5490305423736572,
10,10239,,0.4856933355331421,
10,10259,,0.543887734413147,
10,10279,,0.5452255010604858,
10,10299,,0.5271655321121216,
10,10319,,0.4988313317298889,
10,10339,,0.5535386800765991,
10,10359,,0.5206160545349121,
10,10379,,0.5234776735305786,
10,10399,,0.5376312136650085,
10,10419,,0.5162670016288757,
10,10439,,0.5264016389846802,
10,10459,,0.5211285948753357,
10,10479,,0.5313471555709839,
10,10499,,0.5156561136245728,
10,10519,,0.5235642790794373,
10,10539,,0.5675361156463623,
10,10559,,0.5498374700546265,
10,10579,,0.5363878011703491,
10,10599,,0.5285717248916626,
10,10619,,0.4961160719394684,
10,10639,,0.519710898399353,
10,10659,,0.5163947343826294,
10,10679,,0.5393520593643188,
10,10699,,0.5575134754180908,
10,10719,,0.5212512612342834,
10,10739,,0.5422240495681763,
10,10759,,0.48166942596435547,
10,10779,,0.4928716719150543,
10,10799,,0.543720006942749,
10,10819,,0.5249090194702148,
10,10839,,0.5170934200286865,
10,10859,,0.5141726732254028,
10,10879,,0.5509790182113647,
10,10899,,0.5331376791000366,
10,10919,,0.5029789805412292,
10,10939,,0.5351957678794861,
10,10959,,0.5326582193374634,
10,10979,,0.5367196798324585,
10,10999,,0.5174168348312378,
10,10999,,,0.5248772501945496
10,10999,0.5239160060882568,,
11,11019,,0.4757351875305176,
11,11039,,0.5090152025222778,
11,11059,,0.5014681816101074,
11,11079,,0.49440205097198486,
11,11099,,0.5402975082397461,
11,11119,,0.5028274059295654,
11,11139,,0.49093949794769287,
11,11159,,0.5527902841567993,
11,11179,,0.5214200019836426,
11,11199,,0.5140602588653564,
11,11219,,0.5155698657035828,
11,11239,,0.554641604423523,
11,11259,,0.494998574256897,
11,11279,,0.534737765789032,
11,11299,,0.5493937730789185,
11,11319,,0.5062540769577026,
11,11339,,0.5221372246742249,
11,11359,,0.5336557030677795,
11,11379,,0.5133676528930664,
11,11399,,0.5430575013160706,
11,11419,,0.5184862613677979,
11,11439,,0.5151071548461914,
11,11459,,0.4897615909576416,
11,11479,,0.508823037147522,
11,11499,,0.5280579924583435,
11,11519,,0.5359482765197754,
11,11539,,0.5121587514877319,
11,11559,,0.5414820909500122,
11,11579,,0.5128569602966309,
11,11599,,0.5238116979598999,
11,11619,,0.5471006035804749,
11,11639,,0.5137518048286438,
11,11659,,0.5120333433151245,
11,11679,,0.5303798317909241,
11,11699,,0.5616161227226257,
11,11719,,0.4999682307243347,
11,11739,,0.5156455636024475,
11,11759,,0.5427234172821045,
11,11779,,0.5639816522598267,
11,11799,,0.5246698260307312,
11,11819,,0.48610812425613403,
11,11839,,0.5469869375228882,
11,11859,,0.5400664806365967,
11,11879,,0.5327180027961731,
11,11899,,0.5123192667961121,
11,11919,,0.5204358100891113,
11,11939,,0.5264493227005005,
11,11959,,0.5202688574790955,
11,11979,,0.5416350364685059,
11,11999,,0.4799370765686035,
11,11999,,,0.5341060757637024
11,11999,0.5219810009002686,,
12,12019,,0.4675857722759247,
12,12039,,0.5005708336830139,
12,12059,,0.5123551487922668,
12,12079,,0.5080718994140625,
12,12099,,0.5257138609886169,
12,12119,,0.5147656202316284,
12,12139,,0.5391966700553894,
12,12159,,0.5277997255325317,
12,12179,,0.4800272583961487,
12,12199,,0.5497725009918213,
12,12219,,0.5166381001472473,
12,12239,,0.5283844470977783,
12,12259,,0.5013476610183716,
12,12279,,0.5315304398536682,
12,12299,,0.48735475540161133,
12,12319,,0.5313074588775635,
12,12339,,0.5274642705917358,
12,12359,,0.49859076738357544,
12,12379,,0.4844145178794861,
12,12399,,0.5192194581031799,
12,12419,,0.5267235636711121,
12,12439,,0.5130078196525574,
12,12459,,0.48198962211608887,
12,12479,,0.5534852743148804,
12,12499,,0.547010064125061,
12,12519,,0.5452869534492493,
12,12539,,0.5248914957046509,
12,12559,,0.531574010848999,
12,12579,,0.5178309679031372,
12,12599,,0.5168703198432922,
12,12619,,0.5049868822097778,
12,12639,,0.5082376003265381,
12,12659,,0.5128181576728821,
12,12679,,0.5508566498756409,
12,12699,,0.5350337028503418,
12,12719,,0.5055450797080994,
12,12739,,0.5677794218063354,
12,12759,,0.5219508409500122,
12,12779,,0.4948219060897827,
12,12799,,0.5238105058670044,
12,12819,,0.5032111406326294,
12,12839,,0.549251914024353,
12,12859,,0.5029925107955933,
12,12879,,0.5152848958969116,
12,12899,,0.48955678939819336,
12,12919,,0.5239928364753723,
12,12939,,0.5123889446258545,
12,12959,,0.5082484483718872,
12,12979,,0.5021957159042358,
12,12999,,0.4981897175312042,
12,12999,,,0.5315112471580505
12,12999,0.5205740332603455,,
13,13019,,0.4846947193145752,
13,13039,,0.528415322303772,
13,13059,,0.5315107107162476,
13,13079,,0.5438370108604431,
13,13099,,0.5284931659698486,
13,13119,,0.5656527280807495,
13,13139,,0.4821971654891968,
13,13159,,0.4872159957885742,
13,13179,,0.48470252752304077,
13,13199,,0.5325161218643188,
13,13219,,0.530193030834198,
13,13239,,0.48518264293670654,
13,13259,,0.508682131767273,
13,13279,,0.524957537651062,
13,13299,,0.5060418844223022,
13,13319,,0.5052645802497864,
13,13339,,0.47902384400367737,
13,13359,,0.5186456441879272,
13,13379,,0.5164374113082886,
13,13399,,0.5200091600418091,
13,13419,,0.49726301431655884,
13,13439,,0.5218091607093811,
13,13459,,0.5379297733306885,
13,13479,,0.5045442581176758,
13,13499,,0.507163405418396,
13,13519,,0.5062459707260132,
13,13539,,0.5269873142242432,
13,13559,,0.5681430101394653,
13,13579,,0.5039421319961548,
13,13599,,0.5341981649398804,
13,13619,,0.5058139562606812,
13,13639,,0.5241626501083374,
13,13659,,0.526561975479126,
13,13679,,0.5517208576202393,
13,13699,,0.4807944595813751,
13,13719,,0.5754965543746948,
13,13739,,0.5073498487472534,
13,13759,,0.5187339186668396,
13,13779,,0.5294674038887024,
13,13799,,0.555345356464386,
13,13819,,0.48589515686035156,
13,13839,,0.5372373461723328,
13,13859,,0.5143697261810303,
13,13879,,0.5191510319709778,
13,13899,,0.5403767228126526,
13,13919,,0.5339235067367554,
13,13939,,0.47757554054260254,
13,13959,,0.5291474461555481,
13,13979,,0.5427166223526001,
13,13999,,0.5186013579368591,
13,13999,,,0.5210068821907043
13,13999,0.5207020044326782,,
14,14019,,0.4972502291202545,
14,14039,,0.5051491260528564,
14,14059,,0.5087700486183167,
14,14079,,0.4777297079563141,
14,14099,,0.5142039656639099,
14,14119,,0.519018292427063,
14,14139,,0.48049890995025635,
14,14159,,0.5254799723625183,
14,14179,,0.5358511209487915,
14,14199,,0.5112123489379883,
14,14219,,0.5174030065536499,
14,14239,,0.5195181369781494,
14,14259,,0.46893060207366943,
14,14279,,0.5174973607063293,
14,14299,,0.5612611770629883,
14,14319,,0.5654451847076416,
14,14339,,0.5074320435523987,
14,14359,,0.5657639503479004,
14,14379,,0.5187535285949707,
14,14399,,0.4989950358867645,
14,14419,,0.49743396043777466,
14,14439,,0.5499122142791748,
14,14459,,0.5485361814498901,
14,14479,,0.534050703048706,
14,14499,,0.5249701738357544,
14,14519,,0.5567854642868042,
14,14539,,0.5364776849746704,
14,14559,,0.5195955038070679,
14,14579,,0.5445126295089722,
14,14599,,0.5241990089416504,
14,14619,,0.4723634719848633,
14,14639,,0.49108245968818665,
14,14659,,0.5141394138336182,
14,14679,,0.5399060249328613,
14,14699,,0.5000095963478088,
14,14719,,0.5318362712860107,
14,14739,,0.5230811834335327,
14,14759,,0.4961771070957184,
14,14779,,0.5318512320518494,
14,14799,,0.5218813419342041,
14,14819,,0.5427209138870239,
14,14839,,0.5522341132164001,
14,14859,,0.5576673150062561,
14,14879,,0.5256850719451904,
14,14899,,0.5332744121551514,
14,14919,,0.5227131247520447,
14,14939,,0.5310945510864258,
14,14959,,0.5068256258964539,
14,14979,,0.4825599193572998,
14,14999,,0.5589419603347778,
14,14999,,,0.5208351016044617
14,14999,0.5193569660186768,,
15,15019,,0.5371408462524414,
15,15039,,0.5094707012176514,
15,15059,,0.5268157124519348,
15,15079,,0.5777302980422974,
15,15099,,0.5500651597976685,
15,15119,,0.5223343372344971,
15,15139,,0.5350008010864258,
15,15159,,0.5126427412033081,
15,15179,,0.5105540752410889,
15,15199,,0.49800872802734375,
15,15219,,0.5383902788162231,
15,15239,,0.48366737365722656,
15,15259,,0.5073885917663574,
15,15279,,0.5053871870040894,
15,15299,,0.4880007207393646,
15,15319,,0.5071702003479004,
15,15339,,0.5371391773223877,
15,15359,,0.5318299531936646,
15,15379,,0.47209152579307556,
15,15399,,0.5099542140960693,
15,15419,,0.4897679090499878,
15,15439,,0.5073899030685425,
15,15459,,0.47153958678245544,
15,15479,,0.5294105410575867,
15,15499,,0.5487694144248962,
15,15519,,0.5378458499908447,
15,15539,,0.5306307077407837,
15,15559,,0.508886456489563,
15,15579,,0.5141113996505737,
15,15599,,0.5338937044143677,
15,15619,,0.4939036965370178,
15,15639,,0.5521454215049744,
15,15659,,0.5526255965232849,
15,15679,,0.5486644506454468,
15,15699,,0.48052969574928284,
15,15719,,0.48149871826171875,
15,15739,,0.5158108472824097,
15,15759,,0.5429216623306274,
15,15779,,0.5433513522148132,
15,15799,,0.5576409101486206,
15,15819,,0.5203380584716797,
15,15839,,0.493417888879776,
15,15859,,0.5688542127609253,
15,15879,,0.5397979617118835,
15,15899,,0.5074188113212585,
15,15919,,0.5358282327651978,
15,15939,,0.5231248140335083,
15,15959,,0.5204083919525146,
15,15979,,0.5313223600387573,
15,15999,,0.492385596036911,
15,15999,,,0.5284609794616699
15,15999,0.5183312892913818,,
16,16019,,0.4758257567882538,
16,16039,,0.49785488843917847,
16,16059,,0.5328166484832764,
16,16079,,0.5619139671325684,
16,16099,,0.5114938020706177,
16,16119,,0.47141438722610474,
16,16139,,0.4753788113594055,
16,16159,,0.47196924686431885,
16,16179,,0.5082078576087952,
16,16199,,0.5470744967460632,
16,16219,,0.48375630378723145,
16,16239,,0.5376491546630859,
16,16259,,0.5354272723197937,
16,16279,,0.5409477949142456,
16,16299,,0.5343413352966309,
16,16319,,0.5198861956596375,
16,16339,,0.5019030570983887,
16,16359,,0.497217059135437,
16,16379,,0.5349769592285156,
16,16399,,0.5449894666671753,
16,16419,,0.49712830781936646,
16,16439,,0.5304651260375977,
16,16459,,0.521559476852417,
16,16479,,0.5338942408561707,
16,16499,,0.5190140008926392,
16,16519,,0.5203394293785095,
16,16539,,0.5421587824821472,
16,16559,,0.5054415464401245,
16,16579,,0.5160249471664429,
16,16599,,0.5477182865142822,
16,16619,,0.5497203469276428,
16,16639,,0.5074620246887207,
16,16659,,0.5238275527954102,
16,16679,,0.5308185815811157,
16,16699,,0.5452334880828857,
16,16719,,0.5313007831573486,
16,16739,,0.5078177452087402,
16,16759,,0.5068440437316895,
16,16779,,0.502710223197937,
16,16799,,0.5313575267791748,
16,16819,,0.5047725439071655,
16,16839,,0.5297105312347412,
16,16859,,0.5527621507644653,
16,16879,,0.4891611337661743,
16,16899,,0.5288079380989075,
16,16919,,0.5212493538856506,
16,16939,,0.5502761602401733,
16,16959,,0.49108728766441345,
16,16979,,0.49903422594070435,
16,16999,,0.5015678405761719,
16,16999,,,0.5211445093154907
16,16999,0.5180404186248779,,
17,17019,,0.5180320739746094,
17,17039,,0.5456657409667969,
17,17059,,0.5381114482879639,
17,17079,,0.5180196762084961,
17,17099,,0.5027295351028442,
17,17119,,0.4839016795158386,
17,17139,,0.4738299250602722,
17,17159,,0.5383936166763306,
17,17179,,0.5066202282905579,
17,17199,,0.5066415071487427,
17,17219,,0.4849494397640228,
17,17239,,0.5258102416992188,
17,17259,,0.5235549211502075,
17,17279,,0.5276387929916382,
17,17299,,0.5175225734710693,
17,17319,,0.5369184017181396,
17,17339,,0.49257326126098633,
17,17359,,0.5255424976348877,
17,17379,,0.5512107610702515,
17,17399,,0.5197557806968689,
17,17419,,0.5232349634170532,
17,17439,,0.5173246264457703,
17,17459,,0.5075749158859253,
17,17479,,0.560548722743988,
17,17499,,0.4699488878250122,
17,17519,,0.5323392748832703,
17,17539,,0.5210165977478027,
17,17559,,0.4787694811820984,
17,17579,,0.5246967673301697,
17,17599,,0.497967004776001,
17,17619,,0.5494186878204346,
17,17639,,0.5216514468193054,
17,17659,,0.5241355895996094,
17,17679,,0.48822882771492004,
17,17699,,0.5098227858543396,
17,17719,,0.48751893639564514,
17,17739,,0.5249611139297485,
17,17759,,0.4935868978500366,
17,17779,,0.5351383686065674,
17,17799,,0.5415662527084351,
17,17819,,0.5293593406677246,
17,17839,,0.5309491157531738,
17,17859,,0.49956437945365906,
17,17879,,0.48662614822387695,
17,17899,,0.538131833076477,
17,17919,,0.539976954460144,
17,17939,,0.5216259956359863,
17,17959,,0.4993232488632202,
17,17979,,0.5172256231307983,
17,17999,,0.5317409038543701,
17,17999,,,0.5249671936035156
17,17999,0.5173108577728271,,
18,18019,,0.5431723594665527,
18,18039,,0.5064321756362915,
18,18059,,0.5088428258895874,
18,18079,,0.5145847201347351,
18,18099,,0.505670964717865,
18,18119,,0.5303554534912109,
18,18139,,0.5473523139953613,
18,18159,,0.5016320943832397,
18,18179,,0.5180649757385254,
18,18199,,0.5339123010635376,
18,18219,,0.5532182455062866,
18,18239,,0.5051600933074951,
18,18259,,0.5058120489120483,
18,18279,,0.5279268026351929,
18,18299,,0.5346114039421082,
18,18319,,0.5045186281204224,
18,18339,,0.5033209919929504,
18,18359,,0.5047882199287415,
18,18379,,0.48617276549339294,
18,18399,,0.5660932064056396,
18,18419,,0.5039055943489075,
18,18439,,0.4860767722129822,
18,18459,,0.5017731189727783,
18,18479,,0.5317428112030029,
18,18499,,0.5182713270187378,
18,18519,,0.5314139723777771,
18,18539,,0.5025032162666321,
18,18559,,0.5370701551437378,
18,18579,,0.5275763273239136,
18,18599,,0.5025930404663086,
18,18619,,0.5208653211593628,
18,18639,,0.5328460931777954,
18,18659,,0.5320637822151184,
18,18679,,0.5376494526863098,
18,18699,,0.49033433198928833,
18,18719,,0.4755997061729431,
18,18739,,0.5551924705505371,
18,18759,,0.5339804291725159,
18,18779,,0.5165417194366455,
18,18799,,0.48096591234207153,
18,18819,,0.5103491544723511,
18,18839,,0.5164861679077148,
18,18859,,0.49833184480667114,
18,18879,,0.5043962001800537,
18,18899,,0.49444007873535156,
18,18919,,0.5099501609802246,
18,18939,,0.5244091749191284,
18,18959,,0.5097435116767883,
18,18979,,0.534875750541687,
18,18999,,0.4749422073364258,
18,18999,,,0.5246999263763428
18,18999,0.5167250037193298,,
19,19019,,0.4622398912906647,
19,19039,,0.4790072739124298,
19,19059,,0.5325021743774414,
19,19079,,0.509519100189209,
19,19099,,0.5293275713920593,
19,19119,,0.4856232702732086,
19,19139,,0.5183188319206238,
19,19159,,0.4769015908241272,
19,19179,,0.5503904819488525,
19,19199,,0.5022258162498474,
19,19219,,0.5272667407989502,
19,19239,,0.4897545278072357,
19,19259,,0.53606116771698,
19,19279,,0.5396063327789307,
19,19299,,0.5469799041748047,
19,19319,,0.5451970100402832,
19,19339,,0.4988795518875122,
19,19359,,0.4769488573074341,
19,19379,,0.5304132699966431,
19,19399,,0.5482981204986572,
19,19419,,0.5376538038253784,
19,19439,,0.522403359413147,
19,19459,,0.5221357345581055,
19,19479,,0.49388009309768677,
19,19499,,0.49039363861083984,
19,19519,,0.5193010568618774,
19,19539,,0.5661652684211731,
19,19559,,0.5189168453216553,
19,19579,,0.5231755971908569,
19,19599,,0.5131241679191589,
19,19619,,0.5441042184829712,
19,19639,,0.4967164695262909,
19,19659,,0.49953097105026245,
19,19679,,0.49840158224105835,
19,19699,,0.5073211193084717,
19,19719,,0.5209546089172363,
19,19739,,0.5130411386489868,
19,19759,,0.510331392288208,
19,19779,,0.5099563002586365,
19,19799,,0.5340843200683594,
19,19819,,0.5443163514137268,
19,19839,,0.4968883693218231,
19,19859,,0.518832802772522,
19,19879,,0.5137033462524414,
19,19899,,0.506064772605896,
19,19919,,0.5158215761184692,
19,19939,,0.5316436290740967,
19,19959,,0.5038453340530396,
19,19979,,0.5396146774291992,
19,19999,,0.49850016832351685,
19,19999,,,0.5257428288459778
19,19999,0.5164661407470703,,
20,20019,,0.530536413192749,
20,20039,,0.5083461403846741,
20,20059,,0.5098762512207031,
20,20079,,0.5395427346229553,
20,20099,,0.5089339017868042,
20,20119,,0.5305391550064087,
20,20139,,0.47898775339126587,
20,20159,,0.5021969079971313,
20,20179,,0.540822446346283,
20,20199,,0.5006570816040039,
20,20219,,0.5111260414123535,
20,20239,,0.5535234808921814,
20,20259,,0.5004171133041382,
20,20279,,0.5285948514938354,
20,20299,,0.4973600506782532,
20,20319,,0.5156312584877014,
20,20339,,0.5128533244132996,
20,20359,,0.5376327037811279,
20,20379,,0.513471245765686,
20,20399,,0.5536302328109741,
20,20419,,0.5129106044769287,
20,20439,,0.462978720664978,
20,20459,,0.5341500043869019,
20,20479,,0.5196475386619568,
20,20499,,0.4913184344768524,
20,20519,,0.4801024794578552,
20,20539,,0.5174306631088257,
20,20559,,0.5209391713142395,
20,20579,,0.4798821210861206,
20,20599,,0.48351672291755676,
20,20619,,0.5097169876098633,
20,20639,,0.5017814636230469,
20,20659,,0.4896147549152374,
20,20679,,0.5126928091049194,
20,20699,,0.5000168681144714,
20,20719,,0.5060313940048218,
20,20739,,0.4985785186290741,
20,20759,,0.5234819650650024,
20,20779,,0.5284966230392456,
20,20799,,0.48587653040885925,
20,20819,,0.48284804821014404,
20,20839,,0.5290426015853882,
20,20859,,0.500946044921875,
20,20879,,0.5163447856903076,
20,20899,,0.5086475610733032,
20,20919,,0.5177063941955566,
20,20939,,0.5088222026824951,
20,20959,,0.5159428119659424,
20,20979,,0.5200335383415222,
20,20999,,0.49991172552108765,
20,20999,,,0.5238922238349915
20,20999,0.5154663324356079,,
21,21019,,0.5170148611068726,
21,21039,,0.5122733116149902,
21,21059,,0.5393000841140747,
21,21079,,0.4965200424194336,
21,21099,,0.5226797461509705,
21,21119,,0.5123600363731384,
21,21139,,0.5163364410400391,
21,21159,,0.5256814956665039,
21,21179,,0.5658270716667175,
21,21199,,0.5211719274520874,
21,21219,,0.4910288453102112,
21,21239,,0.4960848093032837,
21,21259,,0.5346893072128296,
21,21279,,0.4923420548439026,
21,21299,,0.5161389112472534,
21,21319,,0.49372994899749756,
21,21339,,0.5127332806587219,
21,21359,,0.5224491357803345,
21,21379,,0.5185518860816956,
21,21399,,0.5383732318878174,
21,21419,,0.5098129510879517,
21,21439,,0.5298038125038147,
21,21459,,0.4759003520011902,
21,21479,,0.4871343970298767,
21,21499,,0.5052729249000549,
21,21519,,0.5298941135406494,
21,21539,,0.543450117111206,
21,21559,,0.4809681177139282,
21,21579,,0.5381217002868652,
21,21599,,0.4956294894218445,
21,21619,,0.5144426226615906,
21,21639,,0.5142871141433716,
21,21659,,0.5070557594299316,
21,21679,,0.5429174900054932,
21,21699,,0.511355459690094,
21,21719,,0.4558819830417633,
21,21739,,0.4941632151603699,
21,21759,,0.5130026340484619,
21,21779,,0.5191450715065002,
21,21799,,0.5382224917411804,
21,21819,,0.5540096759796143,
21,21839,,0.5795996189117432,
21,21859,,0.5526202917098999,
21,21879,,0.5508666038513184,
21,21899,,0.5380665063858032,
21,21919,,0.4940623641014099,
21,21939,,0.5378605723381042,
21,21959,,0.5194256901741028,
21,21979,,0.5218892097473145,
21,21999,,0.49556905031204224,
21,21999,,,0.5249381065368652
21,21999,0.5144950747489929,,
22,22019,,0.5103089809417725,
22,22039,,0.5374946594238281,
22,22059,,0.5275685787200928,
22,22079,,0.486176073551178,
22,22099,,0.5398751497268677,
22,22119,,0.48983854055404663,
22,22139,,0.4924931526184082,
22,22159,,0.5098520517349243,
22,22179,,0.530596911907196,
22,22199,,0.4719499349594116,
22,22219,,0.4964612126350403,
22,22239,,0.4980371296405792,
22,22259,,0.5254860520362854,
22,22279,,0.5328680276870728,
22,22299,,0.4639313220977783,
22,22319,,0.5180468559265137,
22,22339,,0.5030637979507446,
22,22359,,0.5123114585876465,
22,22379,,0.5034874677658081,
22,22399,,0.4406878352165222,
22,22419,,0.5119796991348267,
22,22439,,0.4914737343788147,
22,22459,,0.5046124458312988,
22,22479,,0.5352658033370972,
22,22499,,0.5211459994316101,
22,22519,,0.5460459589958191,
22,22539,,0.5332306027412415,
22,22559,,0.4945918321609497,
22,22579,,0.4832174777984619,
22,22599,,0.5105514526367188,
22,22619,,0.5238763093948364,
22,22639,,0.5272144675254822,
22,22659,,0.5358793139457703,
22,22679,,0.49766266345977783,
22,22699,,0.5155272483825684,
22,22719,,0.486762136220932,
22,22739,,0.5503204464912415,
22,22759,,0.5285916328430176,
22,22779,,0.49955856800079346,
22,22799,,0.5239967107772827,
22,22819,,0.5038131475448608,
22,22839,,0.5039223432540894,
22,22859,,0.4887140095233917,
22,22879,,0.49965259432792664,
22,22899,,0.5258239507675171,
22,22919,,0.5280895233154297,
22,22939,,0.505183219909668,
22,22959,,0.5345097184181213,
22,22979,,0.4894457757472992,
22,22999,,0.5019405484199524,
22,22999,,,0.5243905186653137
22,22999,0.5140855312347412,,
23,23019,,0.49708956480026245,
23,23039,,0.5151807069778442,
23,23059,,0.5073800086975098,
23,23079,,0.5367954969406128,
23,23099,,0.5306139588356018,
23,23119,,0.5273483991622925,
23,23139,,0.5215752720832825,
23,23159,,0.5440267324447632,
23,23179,,0.510123074054718,
23,23199,,0.5257618427276611,
23,23219,,0.5341247320175171,
23,23239,,0.5080845355987549,
23,23259,,0.5335136651992798,
23,23279,,0.4660273790359497,
23,23299,,0.5073342323303223,
23,23319,,0.5372119545936584,
23,23339,,0.4724140167236328,
23,23359,,0.512821614742279,
23,23379,,0.5250540375709534,
23,23399,,0.5415563583374023,
23,23419,,0.5562291145324707,
23,23439,,0.493171751499176,
23,23459,,0.49276378750801086,
23,23479,,0.5101226568222046,
23,23499,,0.5103405714035034,
23,23519,,0.552513599395752,
23,23539,,0.5252070426940918,
23,23559,,0.48477882146835327,
23,23579,,0.5280188918113708,
23,23599,,0.48037514090538025,
23,23619,,0.5454176068305969,
23,23639,,0.556991457939148,
23,23659,,0.4938828647136688,
23,23679,,0.5137749910354614,
23,23699,,0.5292456150054932,
23,23719,,0.5046418905258179,
23,23739,,0.4981577396392822,
23,23759,,0.4737432599067688,
23,23779,,0.5375380516052246,
23,23799,,0.5075407028198242,
23,23819,,0.5133315324783325,
23,23839,,0.4962582588195801,
23,23859,,0.48020440340042114,
23,23879,,0.5191712379455566,
23,23899,,0.5346109867095947,
23,23919,,0.5084104537963867,
23,23939,,0.5197092294692993,
23,23959,,0.5565222501754761,
23,23979,,0.4915864169597626,
23,23999,,0.49826741218566895,
23,23999,,,0.5256149172782898
23,23999,0.5137655138969421,,
24,24019,,0.5172747373580933,
24,24039,,0.5551046133041382,
24,24059,,0.521831750869751,
24,24079,,0.5469362735748291,
24,24099,,0.5584625005722046,
24,24119,,0.510653018951416,
24,24139,,0.4904646873474121,
24,24159,,0.5029100179672241,
24,24179,,0.5607489347457886,
24,24199,,0.5338998436927795,
24,24219,,0.5193665027618408,
24,24239,,0.5362101793289185,
24,24259,,0.5217965841293335,
24,24279,,0.5310146808624268,
24,24299,,0.461267352104187,
24,24319,,0.48496371507644653,
24,24339,,0.5370509028434753,
24,24359,,0.490558385848999,
24,24379,,0.5212554931640625,
24,24399,,0.49823468923568726,
24,24419,,0.5398991107940674,
24,24439,,0.5123153924942017,
24,24459,,0.488251268863678,
24,24479,,0.5140513777732849,
24,24499,,0.4966074824333191,
24,24519,,0.5143676996231079,
24,24539,,0.5033349990844727,
24,24559,,0.5131192207336426,
24,24579,,0.4984167218208313,
24,24599,,0.49166467785835266,
24,24619,,0.5137939453125,
24,24639,,0.5235278606414795,
24,24659,,0.5127173662185669,
24,24679,,0.5172321796417236,
24,24699,,0.5246424674987793,
24,24719,,0.5060194134712219,
24,24739,,0.5014256238937378,
24,24759,,0.5313096046447754,
24,24779,,0.5063806772232056,
24,24799,,0.4971087574958801,
24,24819,,0.5003070831298828,
24,24839,,0.4668542742729187,
24,24859,,0.5284719467163086,
24,24879,,0.5036664009094238,
24,24899,,0.5168160200119019,
24,24919,,0.4924161434173584,
24,24939,,0.49518883228302,
24,24959,,0.5419756770133972,
24,24979,,0.5398929119110107,
24,24999,,0.52078777551651,
24,24999,,,0.5256717801094055
24,24999,0.5150163769721985,,
